States/UTs,T-Junction - Total Number of Accidents - Number,T-Junction - Persons Killed - Number,T-Junction - Persons Injured - Greviously Injured,T-Junction - Persons Injured - Minor Injury,T-Junction - Persons Injured - Total Injured,Y-Junction - Total Number of Accidents,Y-Junction - Persons Killed,Y-Junction - Persons Injured - Greviously Injured,Y-Junction - Persons Injured - Minor Injury,Y-Junction - Persons Injured - Total Injured,Four arm Junction - Total Number of Accidents,Four arm Junction - Persons Killed,Four arm Junction - Persons Injured - Greviously Injured,Four arm Junction - Persons Injured - Minor Injury,Four arm Junction - Persons Injured - Total Injured,Staggered Junction - Total Number of Accidents,Staggered Junction - Persons Killed,Staggered Junction - Persons Injured - Greviously Injured,Staggered Junction - Persons Injured - Minor Injury,Staggered Junction - Persons Injured - Total Injured,Round about Junction - Total Number of Accidents,Round about Junction - Persons Killed,Round about Junction - Persons Injured - Greviously Injured,Round about Junction - Persons Injured - Minor Injury,Round about Junction - Persons Injured - Total Injured,Others - Total Number of Accidents,Others - Persons Killed,Others - Persons Injured - Greviously Injured,Others - Persons Injured - Minor Injury,Others - Persons Injured - Total Injured,Vehicle ageLess than 5 Years - Total Accidents - Number,Less than 5 Years - Total Accidents - Rank,Less than 5 Years - Persons Killed - Number,Less than 5 Years - Persons Killed - Rank,Less than 5 Years - Persons Injured - Greviously Injured,Less than 5 Years - Persons Injured - Minor Injury,Less than 5 Years - Persons Injured - Total Injured,5.1 - 10 Years - Total Accidents,5.1 - 10 Years - Persons Killed,5.1 - 10 Years - Persons Injured - Greviously Injured,5.1 - 10 Years - Persons Injured - Minor Injury,5.1 - 10 Years - Persons Injured - Total Injured,10.1 - 15 Years - Total Accidents,10.1 - 15 Years - Persons Killed,10.1 - 15 Years - Persons Injured - Greviously Injured,10.1 - 15 Years - Persons Injured - Minor Injury,10.1 - 15 Years - Persons Injured - Total Injured,> 15 Years - Total Accidents,> 15 Years - Persons Killed,> 15 Years - Persons Injured - Greviously Injured,> 15 Years - Persons Injured - Minor Injury,> 15 Years - Persons Injured - Total Injured,Age not known - Total Accidents,Age not known - Persons Killed,Age not known - Persons Injured - Greviously Injured,Age not known - Persons Injured - Minor Injury,Age not known - Persons Injured - Total Injured,Human Age and sex 18 Yrs - Killed - Male,18 Yrs - Killed - Female,18-25 Yrs - Killed - Male,18-25 Yrs - Killed - Female,25-35 Yrs - Killed - Male,25-35 Yrs - Killed - Female,35-40 Yrs - Killed - Male,35-40 Yrs - Killed - Female,45-60 Yrs - Killed - Male,45-60 Yrs - Killed - Female,60 Yrs above - Killed - Male,60 Yrs above - Killed - Female,Age not known - Killed - Male,Age not known - Killed - Female,Non-safety Drivers - Persons Killed - Number,Drivers - Persons Killed - Rank,Drivers - Persons Injured - Greviously Injured,Drivers - Persons Injured - Minor Injury,Drivers - Persons Injured - Total Injured,Passengers - Persons Killed - Number,Passengers - Persons Killed - Rank,Passengers - Persons Injured - Greviously Injured,Passengers - Persons Injured - Minor Injury,Passengers - Persons Injured - Total Injured,Area Residential Area - Total Accidents,Residential Area - Persons Killed,Residential Area - Persons Injured - Greviously Injured,Residential Area - Persons Injured - Minor Injury,Residential Area - Persons Injured - Total Injured,Institutional Area - Total Accidents,Institutional Area - Persons Killed,Institutional Area - Persons Injured - Greviously Injured,Institutional Area - Persons Injured - Minor Injury,Institutional Area - Persons Injured - Total Injured,Market/Commercial Area - Total Accidents,Market/Commercial Area - Persons Killed,Market/Commercial Area - Persons Injured - Greviously Injured,Market/Commercial Area - Persons Injured - Minor Injury,Market/Commercial Area - Persons Injured - Total Injured,Open Area - Total Accidents - Number,Open Area - Total Accidents - Rank,Urban - Total Accidents,Urban - Persons Killed,Urban - Persons Injured - Greviously Injured,Urban - Persons Injured - Minor Injury,Urban - Persons Injured - Total Injured,Rural - Total Accidents,Rural - Persons Killed,Rural - Persons Injured - Greviously Injured,Rural - Persons Injured - Minor Injury,Rural - Persons Injured - Total Injured,Total - Total Accidents,Total - Persons Killed,Total - Persons Injured - Greviously Injured,Total - Persons Injured - Minor Injury,Total - Persons Injured - Total Injured,Load of vehicle Normally Loaded - No. of Accidents,Normally Loaded - No. of Persons - Killed,Normally Loaded - No. of Persons - Injured,Overloaded/Hangin - No. of Accidents,Overloaded/Hangin - No. of Persons - Killed,Overloaded/Hangin - No. of Persons - Injured,Others - No. of Accidents,Others - No. of Persons - Killed,Others - No. of Persons - Injured,Traffic rules Over-Speeding - Number of - Number,Over-Speeding - Number of - Rank,Over-Speeding - Persons Killed - Number,Over-Speeding - Persons Killed - Rank,Over-Speeding - Persons Injured - Greviously Injured,Over-Speeding - Persons Injured - Minor Injury,Over-Speeding - Persons Injured - Total Injured,Drunken Driving/Consumption of Alcohol & Drug - Number of Accidents,Drunken Driving/Consumption of Alcohol & Drug - Persons Killed,Drunken Driving/Consumption of Alcohol & Drug - Persons Injured - Greviously Injured,Drunken Driving/Consumption of Alcohol & Drug - Persons Injured - Minor Injury,Drunken Driving/Consumption of Alcohol & Drug - Persons Injured - Total Injured,Driving on Wrong Side - Number of Accidents,Driving on Wrong Side - Persons Killed,Driving on Wrong Side - Persons Injured - Greviously Injured,Driving on Wrong Side - Persons Injured - Minor Injury,Driving on Wrong Side - Persons Injured - Total Injured,Jumping Red Light - Number of Accidents,Jumping Red Light - Persons Killed,Jumping Red Light - Persons Injured - Greviously Injured,Jumping Red Light - Persons Injured - Minor Injury,Jumping Red Light - Persons Injured - Total Injured,Use of Mobile Phone - Number of Accidents,Use of Mobile Phone - Persons Killed,Weather Sunny/Clear - Total Accidents - Number,Sunny/Clear - Total Accidents - Rank,Sunny/Clear - Persons Killed - Number,Sunny/Clear - Persons Killed - Rank,Sunny/Clear - Persons Injured - Greviously Injured,Sunny/Clear - Persons Injured - Minor Injury,Sunny/Clear - Persons Injured - Total Injured,Rainy - Total Accidents,Rainy - Persons Killed,Rainy - Persons Injured - Greviously Injured,Rainy - Persons Injured - Minor Injury,Rainy - Persons Injured - Total Injured,Foggy & Misty - Total Accidents,Foggy & Misty - Persons Killed,Foggy & Misty - Persons Injured - Greviously Injured,Foggy & Misty - Persons Injured - Minor Injury,Foggy & Misty - Persons Injured - Total Injured,Hail/Sleet - Total Accidents,Hail/Sleet - Persons Killed,Hail/Sleet - Persons Injured - Greviously Injured,Hail/Sleet - Persons Injured - Minor Injury,Hail/Sleet - Persons Injured - Total Injured,Others - Total Accidents,Others - Persons Killed,Others - Persons Injured - Greviously Injured,Others - Persons Injured - Minor Injury,Others - Persons Injured - Total Injured,vehicle type Pedestrian - Male,Pedestrian - Female,Pedestrian - Total,Bycycles - Male,Bycycles - Female,Bycycles - Total,Two Wheelers - Male,Two Wheelers - Female,Two Wheelers - Total,Two Wheelers - Rank,Auto Rickshaws - Male,Auto Rickshaws - Female,Auto Rickshaws - Total,"Cars, taxies Vans & LMV - Male","Cars, taxies Vans & LMV - Female","Cars, taxies Vans & LMV - Total",Trucks/Lorries - Male,Trucks/Lorries - Female,Trucks/Lorries - Total,Buses - Male,Buses - Female,Buses - Total,Other Motor Vehicles - Male,Other Motor Vehicles - Female,Other Motor Vehicles - Total,Other Persons - Male,Other Persons - Female,Other Persons - Total,Type of collision Hit & Run - Total Accidents,Hit & Run - Persons Killed,Hit & Run - Persons Injured - Greviously Injured,Hit & Run - Persons Injured - Minor Injury,Hit & Run - Persons Injured - Total Injured,With Parked Vehicle - Total Accidents,With Parked Vehicle - Persons Killed,With Parked Vehicle - Persons Injured - Greviously Injured,With Parked Vehicle - Persons Injured - Minor Injury,With Parked Vehicle - Persons Injured - Total Injured,Hit from Back - Total Accidents,Hit from Back - Persons Killed,Hit from Back - Persons Injured - Greviously Injured,Hit from Back - Persons Injured - Minor Injury,Hit from Back - Persons Injured - Total Injured,Hit from Side - Total Accidents,Hit from Side - Persons Killed,Hit from Side - Persons Injured - Greviously Injured,Hit from Side - Persons Injured - Minor Injury,Hit from Side - Persons Injured - Total Injured,Run Off Road - Total Accidents,Run Off Road - Persons Killed,Run Off Road - Persons Injured - Greviously Injured,Run Off Road - Persons Injured - Minor Injury,Run Off Road - Persons Injured - Total Injured,Fixed Object - Total Accidents,Fixed Object - Persons Killed,Fixed Object - Persons Injured - Greviously Injured,Fixed Object - Persons Injured - Minor Injury,Fixed Object - Persons Injured - Total Injured,Vehicle Overturn - Total Accidents,Vehicle Overturn - Persons Killed,Vehicle Overturn - Persons Injured - Greviously Injured,Vehicle Overturn - Persons Injured - Minor Injury,Vehicle Overturn - Persons Injured - Total Injured,Head on Collision - Total Accidents - Number,Head on Collision - Total Accident - Rank,Head on Collision - Persons Killed - Number,Head on Collision - Persons Killed - Rank,Head on Collision - Persons Injured - Greviously Injured,Head on Collision - Persons Injured - Minor Injury,Head on Collision - Persons Injured - Total Injured,Others - Total Accidents,Others - Persons Killed,Others - Persons Injured - Greviously Injured,Others - Persons Injured - Minor Injury,Others - Persons Injured - Total Injured,Type of road Straight Road - Number of Accidents - Number,Straight Road - Number of Accidents - Rank,Straight Road - Persons Killed - Number,Straight Road - Persons Killed - Rank,Straight Road - Persons Injured - Greviously Injured,Straight Road - Persons Injured - Minor Injury,Straight Road - Persons Injured - Total Injured,Curved Road - Number of Accidents,Curved Road - Persons Killed,Curved Road - Persons Injured - Greviously Injured,Curved Road - Persons Injured - Minor Injury,Curved Road - Persons Injured - Total Injured,Bridge - Number of Accidents,Bridge - Persons Killed,Bridge - Persons Injured - Greviously Injured,Bridge - Persons Injured - Minor Injury,Bridge - Persons Injured - Total Injured,Culvert - Number of Accidents,Culvert - Persons Killed,Culvert - Persons Injured - Greviously Injured,Culvert - Persons Injured - Minor Injury,Culvert - Persons Injured - Total Injured,Pot Holes - Number of Accidents,Pot Holes - Persons Killed,Pot Holes - Persons Injured - Greviously Injured,Pot Holes - Persons Injured - Minor Injury,Pot Holes - Persons Injured - Total Injured,Steep Grade - Number of Accidents,Steep Grade - Persons Killed,Steep Grade - Persons Injured - Greviously Injured,Steep Grade - Persons Injured - Minor Injury,Steep Grade - Persons Injured - Total Injured,Ongoing Road Works/Under Construction - Number of Accidents,Ongoing Road Works/Under Construction - Persons Killed,Ongoing Road Works/Under Construction - Persons Injured - Greviously Injured,Ongoing Road Works/Under Construction - Persons Injured - Minor Injury,Ongoing Road Works/Under Construction - Persons Injured - Total Injured,Others - Number of Accidents,Others - Persons Killed,Others - Persons Injured - Greviously Injured,Others - Persons Injured - Minor Injury,Others - Persons Injured - Total Injured,License Valid Permanent - Number,Valid Permanent - Rank,Learner's Licence,Without Licence,Others,Total Accidents,Time 06-0900hrs - (Day),09-1200hrs - (Day),12-1500hrs - (Day),15-1800hrs - (Day),18-2100hrs - (Night),21-2400hrs - (Night),00-300hrs - (Night),03-600hrs - (Night),Unknown Time,Total Accidents
Andhra Pradesh,2384,762,1006,1300,2306,1473,404,659,841,1500,1253,395,425,690,1115,1053,351,399,750,1149,1274,476,316,950,1266,17038,5168,3662,12458,16120,10086,6,2916,8,2223,7056,9279,7115,2056,1921,4853,6774,2166,626,713,1667,2380,2129,828,968,1454,2422,2979,1130,642,1959,2601,10,0,20,1,27,1,34,0,56,2,19,1,0,0,395,9,433,801,1234,451,11,416,1358,1774,3806,1154,1249,2482,3731,1134,274,403,701,1104,3190,848,855,1888,2743,12731,7,7460,1794,1975,4217,6192,17015,5762,4492,12772,17264,24475,7556,6467,16989,23456,13037,4435,13392,3070,880,3359,8368,2241,6705,17740,7,6196,8,4699,13420,18119,1345,85,73,114,187,740,192,335,512,847,48,1,26,23,49,82,7,19793,7,5880,9,4155,14306,18461,852,282,435,582,1017,1305,506,575,686,1261,55,28,10,35,45,2470,860,1292,1380,2672,1252,317,1569,166,5,171,2892,272,3164,7,455,157,612,528,112,640,694,87,781,183,42,225,215,49,264,101,29,130,1248,594,277,583,860,574,189,168,395,563,4659,1281,1604,3251,4855,1845,493,791,1061,1852,973,317,378,617,995,660,254,201,555,756,750,314,286,781,1067,8595,5,2778,3,1453,7202,8655,5171,1336,1309,2544,3853,18431,6,5614,8,4224,13095,17319,2662,825,1017,1831,2848,625,205,225,417,642,454,166,148,382,530,3,1,0,3,3,83,34,10,30,40,256,117,70,84,154,1961,594,773,1147,1920,18115,8,1558,3024,1778,24475,2596,3412,3603,4317,4971,2594,1395,1574,13,24475
Arunachal Pradesh,38,30,25,15,40,35,21,20,12,32,37,25,15,18,33,44,27,25,16,41,26,10,18,5,23,97,62,118,36,154,73,29,46,26,58,26,84,87,57,61,27,88,56,34,39,19,58,26,16,27,13,40,35,22,36,17,53,0,0,0,0,1,0,1,0,0,0,0,0,0,0,10,25,12,6,18,16,28,40,13,53,37,21,36,14,50,52,32,34,16,50,51,34,39,19,58,66,31,182,129,136,64,200,95,46,85,38,123,277,175,221,102,323,120,71,122,87,61,110,70,43,91,135,29,79,27,86,36,122,55,41,59,24,83,8,6,4,2,6,0,0,0,0,0,51,32,80,32,49,29,64,27,91,71,47,61,28,89,40,26,30,19,49,0,0,0,0,0,86,53,66,28,94,3,5,8,2,0,2,41,0,41,26,7,2,9,44,10,54,14,0,14,40,7,47,0,0,0,0,0,0,30,22,24,10,34,12,4,16,9,25,9,3,7,7,14,13,5,14,5,19,23,15,23,6,29,11,8,15,10,25,58,38,11,17,28,53,29,36,25,30,14,44,68,44,81,24,105,54,32,29,30,39,19,58,31,21,27,14,41,42,24,29,14,43,37,22,28,11,39,0,0,0,0,0,33,23,29,12,41,29,26,28,13,41,51,30,41,19,60,67,32,63,64,83,277,36,34,26,28,25,20,33,28,47,277
Assam,838,260,520,100,620,624,188,386,95,481,501,132,357,63,420,342,97,232,23,255,438,99,218,76,294,5505,2190,4251,1054,5305,3450,15,1174,15,2522,567,3089,2361,884,1805,361,2166,1175,388,861,224,1085,466,226,335,135,470,796,294,441,124,565,21,0,48,1,30,2,24,0,2,0,0,0,0,0,69,18,165,66,231,170,18,324,122,446,1161,409,823,206,1029,709,223,468,123,591,1819,568,1239,284,1523,3180,16,4424,1516,3129,594,3723,3824,1450,2835,817,3652,8248,2966,5964,1411,7375,5369,1964,4955,1431,432,1157,1448,570,1263,2532,21,995,18,1264,172,1436,377,130,270,85,355,1448,482,858,330,1188,159,62,120,29,149,112,22,3891,16,1456,18,2969,508,3477,1555,525,1525,279,1804,1018,315,570,235,805,34,9,47,2,49,1750,661,853,387,1240,406,109,515,119,9,128,722,86,808,17,99,32,131,505,89,594,303,7,310,192,30,222,241,17,258,0,0,0,1333,522,1000,362,1362,336,97,271,32,303,1914,726,1381,262,1643,1272,420,918,239,1157,301,96,169,64,233,248,89,177,56,233,751,290,538,129,667,806,16,339,18,553,103,656,1287,387,957,164,1121,4664,16,1759,17,3663,747,4410,964,315,682,145,827,496,172,270,103,373,238,69,176,45,221,182,68,121,40,161,136,30,98,18,116,448,109,221,108,329,1120,444,733,205,938,6994,14,624,269,361,8248,948,1414,1463,1414,1252,748,448,452,109,8248
Bihar,812,509,395,100,495,388,237,218,70,288,424,261,234,73,307,0,0,0,0,0,124,70,80,41,121,7852,5652,4379,1089,5468,4586,11,3363,7,2537,655,3192,2499,1700,1336,333,1669,1197,789,665,237,902,842,548,463,110,573,476,329,305,38,343,29,12,20,8,25,6,34,7,11,1,0,0,0,0,343,11,245,90,335,2131,2,1672,500,2172,1820,1203,1037,321,1358,478,312,353,93,446,1410,854,773,292,1065,5892,12,3551,2337,1973,478,2451,6049,4392,3333,895,4228,9600,6729,5306,1373,6679,6340,4477,4171,1396,979,1149,1864,1273,1359,8116,12,5809,9,4294,1084,5378,10,3,12,6,18,1241,777,849,240,1089,130,79,90,9,99,103,61,5532,14,3966,10,3030,706,3736,1980,1276,1034,299,1333,2088,1487,1242,368,1610,0,0,0,0,0,0,0,0,0,0,593,163,756,119,34,153,2451,266,2717,8,291,96,387,865,149,1014,735,87,822,421,87,508,284,88,372,0,0,0,5196,3955,2812,702,3514,267,149,166,66,232,1012,639,659,134,793,862,583,541,205,746,655,416,359,95,454,331,55,68,17,85,433,268,291,73,364,844,15,664,15,410,81,491,0,0,0,0,0,7621,13,5473,9,3877,942,4819,1186,725,837,215,1052,217,147,183,63,246,234,137,195,83,278,0,0,0,0,0,194,150,117,25,142,148,97,97,45,142,0,0,0,0,0,8173,12,587,207,633,9600,1620,2137,1532,1623,1139,436,175,938,0,9600
Chhattisgarh,1730,483,282,1095,1377,549,162,113,343,456,825,215,106,412,518,543,177,157,371,528,66,12,10,43,53,10151,3543,1829,7954,9783,3741,12,1205,14,735,2889,3624,2816,977,489,2184,2673,1091,328,163,817,980,1474,518,195,979,1174,4742,1564,915,3349,4264,4,2,18,3,22,4,34,2,23,1,13,0,5,2,366,10,232,730,962,479,10,284,1253,1537,3191,964,647,2181,2828,879,223,76,481,557,1270,302,167,766,933,6837,11,4970,1242,720,3493,4213,8894,3350,1777,6725,8502,13864,4592,2497,10218,12715,6352,1972,6074,471,146,508,7041,2474,6133,12813,10,4270,10,2226,9598,11824,216,55,65,114,179,740,252,177,443,620,37,3,4,24,28,58,12,8132,11,2615,15,1420,5921,7341,1610,487,258,1127,1385,579,224,167,408,575,0,0,0,0,0,3543,1266,652,2762,3414,342,96,438,119,14,133,1979,214,2193,12,52,17,69,379,56,435,426,35,461,101,21,122,568,77,645,89,7,96,2241,858,409,1422,1831,361,127,55,258,313,2546,617,388,1756,2144,2083,533,338,1488,1826,603,245,105,422,527,451,185,62,287,349,488,197,136,503,639,2252,11,720,12,445,1743,2188,2839,1110,559,2339,2898,8243,12,2674,15,1418,5895,7313,1656,476,239,1230,1469,257,98,53,244,297,286,88,64,267,331,112,20,15,85,100,151,30,21,105,126,341,91,79,245,324,2818,1115,608,2147,2755,9287,11,786,1387,2404,13864,1521,1762,2238,2788,3007,1437,564,547,0,13864
Goa,129,7,7,31,38,58,4,5,13,18,269,9,12,227,239,0,0,0,0,0,93,5,0,11,11,3160,237,322,921,1243,1730,16,101,24,126,667,793,1474,111,151,392,543,335,26,37,98,135,111,11,26,36,62,59,13,6,10,16,0,0,1,0,0,0,1,0,2,0,0,0,0,0,6,28,18,24,42,18,26,69,303,372,306,52,59,173,232,35,2,3,6,9,1103,84,105,309,414,2265,19,1184,77,140,383,523,2525,185,206,820,1026,3709,262,346,1203,1549,3708,262,1549,1,0,0,0,0,0,2853,20,216,23,270,1049,1319,9,4,2,0,2,90,4,37,7,44,1,0,0,2,2,0,0,3482,19,239,23,332,1117,1449,227,23,14,86,100,0,0,0,0,0,0,0,0,0,0,0,0,0,0,0,40,9,49,4,0,4,155,27,182,23,1,0,1,16,5,21,2,1,3,0,0,0,0,0,0,2,0,2,59,13,6,8,14,27,1,0,2,2,943,57,103,370,473,1361,76,107,445,552,232,27,1,61,62,311,26,9,95,104,43,3,0,19,19,733,18,59,22,120,203,323,0,0,0,0,0,3071,19,211,23,275,1005,1280,619,49,71,193,264,19,2,0,5,5,0,0,0,0,0,0,0,0,0,0,0,0,0,0,0,0,0,0,0,0,0,0,0,0,0,3556,19,2,92,59,3709,369,527,553,680,710,526,172,172,0,3709
Gujarat,2096,749,974,858,1832,818,318,380,394,774,1606,488,805,684,1489,1892,650,843,907,1750,1060,402,487,519,1006,11297,5389,6123,4493,10616,5831,10,2202,10,2950,2465,5415,5083,2102,2719,2297,5016,3510,1809,1556,1496,3052,3324,1251,2110,1291,3401,1021,632,277,306,583,14,1,31,2,35,4,16,1,22,1,3,0,0,0,557,6,627,449,1076,772,7,860,687,1547,4098,1431,2047,1705,3752,1047,333,578,496,1074,2483,749,1215,1134,2349,11085,8,7532,2246,3453,3317,6770,11237,5750,6159,4538,10697,18769,7996,9612,7855,17467,13482,5469,12647,1586,765,1630,3701,1762,3190,16361,8,6988,6,8198,6667,14865,106,15,33,85,118,959,352,520,405,925,181,53,93,99,192,460,187,16941,10,7188,7,8587,7128,15715,1218,534,684,459,1143,610,274,341,268,609,0,0,0,0,0,0,0,0,0,0,929,241,1170,121,9,130,2237,309,2546,10,368,98,466,1363,263,1626,972,139,1111,220,57,277,403,62,465,181,24,205,3351,1782,1836,1270,3106,1309,478,613,570,1183,4563,1779,2417,1902,4319,3130,1070,1726,1214,2940,725,244,373,314,687,688,341,366,282,648,1697,766,902,664,1566,3235,10,1459,9,1308,1620,2928,71,77,71,19,90,14790,9,6213,7,7350,5901,13251,2368,1057,1351,1214,2565,733,365,378,347,725,391,156,212,181,393,1,1,0,0,0,277,123,179,111,290,208,81,140,101,241,1,0,2,0,2,13962,10,2650,843,1314,18769,2026,2927,3059,3249,3530,1997,1037,861,83,18769
Haryana,325,129,83,186,269,296,133,64,154,218,470,213,79,259,338,174,76,36,114,150,286,137,52,160,212,9687,4430,1805,7028,8833,1639,17,702,18,233,1323,1556,1395,684,234,1145,1379,957,457,180,828,1008,1025,434,224,869,1093,6222,2841,1248,3736,4984,15,2,25,2,24,7,15,2,24,3,11,2,9,2,187,15,96,367,463,220,16,177,379,556,1892,833,337,1336,1673,1213,524,200,884,1084,1630,761,302,1106,1408,4307,15,5311,2302,654,3749,4403,5927,2816,1465,4152,5617,11238,5118,2119,7901,10020,1951,823,1710,551,252,1055,8736,4043,7255,5922,14,2657,14,1266,3657,4923,474,251,132,411,543,1055,533,341,695,1036,512,218,158,420,578,474,269,5489,15,2242,16,883,3928,4811,1484,680,299,1044,1343,1960,906,407,1328,1735,301,138,66,312,378,2004,1152,464,1289,1753,1337,134,1471,123,20,143,1585,131,1716,15,167,27,194,590,97,687,377,23,400,105,12,117,254,29,283,95,12,107,2584,1114,393,1746,2139,748,353,67,455,522,699,325,124,463,587,723,343,125,437,562,361,145,85,235,320,324,135,41,309,350,798,401,130,516,646,760,17,347,17,152,517,669,4241,1955,1002,3223,4225,4693,15,2125,16,966,2950,3916,990,438,228,789,1017,570,252,107,496,603,206,92,46,285,331,473,222,114,375,489,200,80,47,236,283,282,130,63,258,321,3824,1779,548,2512,3060,3815,18,528,651,6244,11238,1169,1263,1301,1424,1377,1195,954,998,1557,11238
Himachal Pradesh,9,0,2,8,10,21,4,8,18,26,0,0,0,0,0,0,0,0,0,0,0,0,0,0,0,3080,1204,1423,4092,5515,1141,22,486,19,632,1628,2260,768,299,296,1198,1494,234,100,95,421,516,149,47,97,130,227,818,276,313,741,1054,0,0,0,0,1,0,0,0,4,0,3,0,0,0,262,12,132,475,607,424,13,313,2203,2516,587,193,237,870,1107,230,59,110,215,325,622,168,297,598,895,1647,22,600,113,268,539,807,2510,1095,1165,3579,4744,3110,1208,1433,4118,5551,2621,1064,4760,130,89,655,359,55,136,1445,22,536,22,643,1742,2385,322,70,144,354,498,270,60,288,173,461,0,0,0,0,0,0,0,2716,21,1006,19,1262,3435,4697,168,95,75,353,428,212,100,93,294,387,4,1,1,11,12,10,6,2,25,27,147,35,182,8,0,8,262,31,293,20,5,0,5,421,87,508,63,1,64,47,35,82,64,2,66,0,0,0,662,158,280,404,684,109,16,22,85,107,157,46,65,190,255,407,75,212,365,577,644,580,261,1523,1784,197,92,99,309,408,156,58,48,337,385,608,20,130,19,375,855,1230,170,53,71,50,121,2011,21,676,20,939,2313,3252,872,402,405,1470,1875,30,15,19,18,37,0,0,0,0,0,21,18,5,22,27,117,60,47,164,211,50,35,15,127,142,9,2,3,4,7,1912,21,26,914,258,3110,260,448,528,610,653,369,155,87,0,3110
Jammu & Kashmir,461,88,245,452,697,149,34,79,105,184,70,21,35,38,73,29,4,38,12,50,1064,130,869,715,1584,4205,707,2903,2354,5257,1351,20,281,21,914,1018,1932,1327,164,668,1146,1814,277,49,251,198,449,101,9,22,138,160,2922,481,2314,1176,3490,0,0,0,0,0,0,0,0,0,0,0,0,0,0,46,22,87,188,275,43,22,166,508,674,1007,162,249,985,1234,216,22,212,68,280,793,143,348,596,944,2219,20,1641,259,1197,688,1885,4337,725,2972,2988,5960,5978,984,4169,3676,7845,1532,254,2196,339,58,525,4107,672,5124,5915,15,971,19,4138,3605,7743,20,5,12,15,27,13,4,9,14,23,26,4,10,34,44,4,0,3876,17,616,22,2984,1830,4814,148,21,63,142,205,30,4,35,26,61,4,0,0,5,5,1920,343,1087,1673,2760,85,18,103,0,0,0,162,23,185,22,6,1,7,254,57,311,73,5,78,74,10,84,182,20,202,10,4,14,661,81,67,762,829,25,16,49,40,89,102,19,38,91,129,139,24,26,154,180,298,68,229,345,574,29,2,4,44,48,134,28,33,121,154,267,22,34,26,148,308,456,4323,712,3575,1811,5386,1434,22,311,22,416,1486,1902,422,83,191,468,659,43,4,4,46,50,19,5,9,13,22,8,0,1,7,8,4,2,1,4,5,25,6,6,33,39,4023,573,3541,1619,5160,4835,16,153,63,927,5978,520,1160,1285,1260,852,402,235,194,70,5978
Jharkhand,1006,576,396,99,495,623,397,245,79,324,206,191,176,50,226,397,242,230,65,295,365,239,184,44,228,2797,1897,1937,470,2407,1354,19,870,17,827,232,1059,883,602,585,191,776,775,451,456,100,556,784,505,392,77,469,1598,1114,908,207,1115,2,0,9,1,13,2,7,1,5,0,3,0,17,0,246,13,208,48,256,354,15,376,74,450,1007,668,640,151,791,397,230,217,69,286,895,546,539,122,661,2060,21,1852,1109,1043,341,1384,3542,2433,2125,466,2591,5394,3542,3168,807,3975,2255,1488,1852,810,520,672,2329,1534,1451,3064,18,2052,17,1792,496,2288,517,328,279,42,321,401,299,197,72,269,47,31,27,7,34,310,206,2430,22,1629,17,1586,395,1981,837,514,459,127,586,511,331,280,78,358,273,197,164,49,213,1343,871,679,158,837,306,39,345,57,3,60,1397,154,1551,16,172,51,223,336,54,390,255,10,265,112,32,144,224,19,243,303,18,321,1310,951,740,77,817,192,105,102,26,128,724,444,504,106,610,470,281,328,94,422,343,223,213,64,277,222,131,157,67,224,724,463,392,138,530,722,19,516,16,422,101,523,687,428,310,134,444,2209,20,1494,18,1350,335,1685,1144,740,800,188,988,224,170,151,56,207,231,127,140,34,174,119,78,61,10,71,135,92,79,20,99,148,86,60,28,88,1184,755,527,136,663,1253,22,840,1159,2142,5394,694,882,763,851,884,516,326,278,200,5394
Karnataka,2615,508,1269,1250,2519,1449,290,775,655,1430,1610,234,954,664,1618,528,81,333,241,574,221,52,162,100,262,35284,9825,17784,27375,45159,18186,3,4607,2,9340,13828,23168,12569,3252,6962,8745,15707,6217,1662,3132,4454,7586,2784,640,1174,2262,3436,1951,829,669,996,1665,4,0,14,0,15,0,5,0,5,0,3,0,0,0,475,8,856,829,1685,635,8,1541,2161,3702,614,128,220,276,496,1986,327,997,1599,2596,4487,884,2485,2877,5362,34476,1,17284,3530,8656,9899,18555,24423,7460,12621,20386,33007,41707,10990,21277,30285,51562,29405,7597,36582,2717,801,3714,9585,2592,11266,32269,3,8714,3,15682,20204,35886,139,22,59,105,164,1289,262,663,933,1596,69,4,34,27,61,173,44,36518,2,9815,3,18374,26799,45173,3765,880,2068,2668,4736,1414,290,832,816,1648,10,5,3,2,5,0,0,0,0,0,1212,307,1519,46,0,46,4377,520,4897,3,412,130,542,1510,278,1788,934,44,978,521,123,644,465,111,576,0,0,0,3438,1157,1361,1737,3098,1276,342,711,870,1581,15942,4435,8364,10406,18770,7089,1494,3449,5419,8868,1932,461,1230,1785,3015,971,219,389,808,1197,1568,339,701,1282,1983,9234,3,2475,5,4886,7886,12772,257,68,186,92,278,33120,2,8974,2,16780,23130,39910,6347,1477,3307,5175,8482,1448,388,780,1266,2046,234,52,119,252,371,38,10,26,42,68,160,33,66,149,215,356,55,197,266,463,4,1,2,5,7,35576,3,331,3494,2306,41707,4373,6106,6426,7284,8309,4568,2134,2399,108,41707
Kerala,8494,791,6932,2765,9697,3072,292,2490,954,3444,2711,260,2082,908,2990,1302,130,1051,333,1384,553,75,421,181,602,24049,2755,18696,8645,27341,14887,4,1533,13,11951,5179,17130,14274,1496,11203,4972,16175,3868,434,2951,1374,4325,1610,183,1283,542,1825,5542,657,4284,1719,6003,4,0,1,0,1,0,4,0,28,0,48,0,0,0,50,21,202,178,380,165,19,1144,1329,2473,3136,281,2515,1057,3572,1656,186,1315,612,1927,3763,345,2888,1295,4183,6918,10,13312,1228,10222,4435,14657,26869,3075,21450,9351,30801,40181,4303,31672,13786,45458,37473,3972,42434,180,58,254,2528,273,2770,29776,4,2985,13,23831,10158,33989,157,25,53,116,169,1455,115,1161,552,1713,105,8,81,32,113,26,4,35096,4,3663,11,27746,11891,39637,4203,497,3251,1543,4794,882,143,675,352,1027,0,0,0,0,0,0,0,0,0,0,970,280,1250,86,0,86,2018,303,2321,11,129,27,156,269,74,343,45,0,45,39,12,51,34,3,37,14,0,14,1189,124,924,389,1313,359,53,223,145,368,5664,399,4301,2141,6442,7349,477,6029,2661,8690,324,66,257,186,443,499,126,288,240,528,760,114,622,394,1016,7238,6,852,11,6211,2944,9155,16799,2092,12817,4686,17503,28897,4,3082,12,22585,9830,32415,7817,856,6343,2821,9164,453,54,355,170,525,109,15,90,62,152,63,11,40,26,66,74,19,61,38,99,164,21,129,55,184,2604,245,2069,784,2853,33343,4,98,1587,5153,40181,4674,7396,6182,8011,8382,3485,914,1075,62,40181
Madhya Pradesh,7018,1100,860,5857,6717,2878,461,254,2432,2686,3703,375,371,3193,3564,2297,522,255,1845,2100,1989,281,214,1715,1929,33512,7967,4136,33530,37666,21872,2,4203,5,2050,21646,23696,15552,3340,1881,14731,16612,5471,1108,791,4804,5595,3102,675,415,2536,2951,5400,1380,953,4855,5808,20,2,31,8,27,5,21,2,11,0,5,0,0,0,745,3,424,3606,4030,1570,3,699,6644,7343,11607,2100,1206,10794,12000,2436,357,272,1806,2078,6185,779,738,5320,6058,20767,3,22458,3084,2324,19249,21573,28939,7622,3766,29323,33089,51397,10706,6090,48572,54662,27933,6057,30964,5384,1027,5724,18080,3622,17974,39809,2,8635,4,4815,37921,42736,893,145,99,789,888,2953,617,484,2603,3087,99,8,10,68,78,465,61,36312,3,7482,6,4098,34380,38478,4596,976,637,4468,5105,2336,522,434,2235,2669,237,59,56,343,399,7916,1667,865,7146,8011,1203,301,1504,115,17,132,3664,420,4084,4,177,52,229,1227,221,1448,923,94,1017,425,99,524,1155,165,1320,399,49,448,12790,2782,1593,13029,14622,976,136,128,883,1011,8507,1520,1061,7308,8369,4612,723,436,4247,4683,1205,327,214,1264,1478,833,156,48,638,686,2530,567,261,3442,3703,8952,4,2008,7,844,8593,9437,10992,2487,1505,9168,10673,32250,3,6560,6,3691,31080,34771,5447,1159,762,5482,6244,1088,219,98,1064,1162,969,217,116,856,972,182,59,12,102,114,948,186,103,924,1027,2478,588,388,1753,2141,8035,1718,920,7311,8231,39357,2,2491,4597,4952,51397,4388,7941,9127,10066,10061,5791,2250,1756,17,51397
Maharashtra,1846,572,855,552,1407,760,230,276,216,492,883,216,530,276,806,427,120,197,112,309,382,99,220,126,346,31419,12024,18257,9748,28005,11385,5,4323,4,6468,3345,9813,12246,4303,6859,3914,10773,6879,2472,4125,2251,6376,3187,1196,1891,1047,2938,2020,967,992,473,1465,13,2,50,11,35,2,35,4,31,2,4,2,1,0,602,5,899,501,1400,1054,5,2022,1212,3234,9236,3104,5149,2862,8011,3389,1032,2158,1011,3169,5250,1643,3098,1752,4850,17826,4,14668,3996,8199,4648,12847,21049,9265,12136,6382,18518,35717,13261,20335,11030,31365,19111,6778,17410,4960,2331,4043,11646,4152,9912,9956,11,3926,11,5623,3060,8683,188,42,112,85,197,1084,384,562,362,924,98,16,47,47,94,187,55,31243,5,11707,1,17779,9502,27281,3545,1249,1967,1128,3095,756,254,484,346,830,173,51,105,54,159,0,0,0,0,0,2046,469,2515,169,23,192,5343,595,5938,2,412,79,491,1590,302,1892,821,64,885,274,44,318,697,90,787,200,43,243,6258,2527,3098,1969,5067,664,190,428,284,712,8020,2642,4963,2508,7471,5418,1755,3239,1855,5094,1436,526,712,513,1225,1581,462,879,658,1537,2018,780,1302,681,1983,9542,2,4035,2,5347,2418,7765,780,344,367,144,511,27021,5,10344,1,15053,7935,22988,4355,1515,2565,1527,4092,1437,445,964,528,1492,335,89,234,150,384,552,166,353,195,548,679,217,472,211,683,1332,483,690,484,1174,6,2,4,0,4,29958,5,1091,1616,3052,35717,3530,4928,5578,5880,6112,4266,2844,2456,123,35717
Manipur,84,19,52,86,138,20,3,14,25,39,17,3,2,22,24,5,2,3,4,7,9,2,5,11,16,466,105,226,592,818,153,26,24,28,67,223,290,191,43,117,214,331,93,22,36,150,186,65,16,12,87,99,99,29,70,66,136,0,0,2,0,0,0,0,0,1,0,0,0,0,0,14,24,19,68,87,22,24,73,198,271,195,36,82,264,346,48,6,10,72,82,101,14,37,146,183,225,26,198,38,62,269,331,403,96,240,471,711,601,134,302,740,1042,357,79,641,106,26,193,138,29,208,90,30,21,32,52,107,159,74,17,10,105,115,24,6,19,48,67,10,2,6,15,21,29,2,334,26,90,27,201,369,570,102,13,36,149,185,80,9,27,117,144,10,0,0,29,29,75,22,38,76,114,17,4,21,3,0,3,36,3,39,28,5,0,5,22,3,25,28,3,31,2,1,3,7,0,7,0,0,0,51,14,10,69,79,22,6,11,36,47,90,22,40,82,122,138,24,70,174,244,18,6,26,11,37,27,6,4,40,44,48,4,3,96,99,122,25,24,28,87,182,269,85,28,51,50,101,392,25,93,27,219,444,663,122,24,46,193,239,20,3,3,23,26,21,2,8,32,40,2,0,1,0,1,2,0,4,1,5,16,8,5,23,28,26,4,16,24,40,298,27,93,71,139,601,53,100,107,108,149,62,13,9,0,601
Meghalaya,35,11,12,9,21,36,13,14,7,21,10,2,4,2,6,0,0,0,0,0,76,27,27,14,41,242,129,55,61,116,62,30,24,28,15,15,30,36,28,9,1,10,6,5,1,1,2,12,7,2,3,5,283,118,85,73,158,0,0,0,0,0,0,0,0,0,0,0,0,0,0,21,23,26,11,37,18,26,29,13,42,97,49,28,11,39,12,6,4,1,5,28,15,4,6,10,77,30,249,128,56,57,113,150,54,56,36,92,399,182,112,93,205,51,26,25,51,24,26,297,132,154,64,33,43,29,17,3,20,117,66,43,6,49,49,11,14,19,33,8,6,2,1,3,14,8,115,30,61,28,34,16,50,13,8,3,2,5,8,4,0,3,3,7,2,3,2,5,256,107,72,70,142,16,9,25,0,0,0,24,7,31,29,5,0,5,28,8,36,36,2,38,3,1,4,31,12,43,0,0,0,27,17,8,3,11,11,6,3,2,5,12,7,2,4,6,19,12,4,2,6,9,6,2,1,3,18,8,4,3,7,22,14,7,1,8,42,30,29,27,12,1,13,239,83,70,76,146,36,34,21,32,10,6,16,11,5,6,2,8,0,0,0,0,0,0,0,0,0,0,0,0,0,0,0,0,0,0,0,0,0,0,0,0,0,352,156,96,85,181,146,30,110,49,94,399,48,48,49,50,46,45,50,63,0,399
Mizoram,6,5,1,6,7,1,1,0,1,1,0,0,0,0,0,0,0,0,0,0,5,3,1,1,2,41,36,28,42,70,35,32,28,27,17,41,58,12,13,13,6,19,2,1,0,1,1,0,0,0,0,0,4,3,0,2,2,0,0,0,0,0,0,0,0,0,0,0,0,0,0,4,29,2,1,3,9,29,7,8,15,26,21,6,14,20,1,0,0,1,1,2,2,0,2,2,23,33,31,23,12,29,41,22,22,18,21,39,53,45,30,50,80,29,30,60,4,3,2,20,12,18,18,35,14,34,7,4,11,16,13,5,10,15,5,3,1,9,10,0,0,0,0,0,0,0,38,35,32,31,20,33,53,5,4,8,4,12,5,4,0,4,4,0,0,0,0,0,5,5,2,9,11,9,0,9,0,0,0,5,1,6,33,2,1,3,8,7,15,3,3,6,2,4,6,0,0,0,0,0,0,14,9,7,15,22,1,0,0,1,1,4,2,0,4,4,4,5,3,0,3,15,15,12,22,34,0,0,0,0,0,0,0,0,0,0,6,35,4,32,1,3,4,9,10,7,5,12,29,35,25,31,21,9,30,12,8,2,27,29,1,0,0,1,1,1,4,1,0,1,0,0,0,0,0,2,1,1,3,4,3,2,4,0,4,5,5,1,10,11,39,35,3,7,4,53,5,5,7,16,7,8,5,0,0,53
Nagaland,114,11,66,68,134,82,15,34,33,67,54,8,16,21,37,0,0,0,0,0,0,0,0,0,0,180,5,28,69,97,127,27,7,34,43,68,111,132,12,49,58,107,72,3,24,15,39,18,4,6,6,12,81,13,22,44,66,0,0,0,0,0,0,0,0,0,0,0,0,0,0,2,31,8,13,21,7,30,11,26,37,64,3,14,40,54,30,0,11,12,23,186,9,54,61,115,148,27,268,22,91,104,195,162,17,53,87,140,430,39,144,191,335,135,25,144,0,0,0,295,14,191,199,27,15,33,60,75,135,83,0,24,37,61,72,8,30,25,55,0,0,0,0,0,0,0,245,28,26,33,96,107,203,82,3,22,46,68,97,3,20,32,52,0,0,0,0,0,6,7,6,6,12,6,1,7,0,0,0,4,0,4,35,5,1,6,13,5,18,4,0,4,0,0,0,0,0,0,0,0,0,71,7,27,22,49,24,0,10,16,26,40,0,17,25,42,31,1,10,14,24,152,16,38,43,81,14,2,5,5,10,21,10,16,28,44,76,28,2,35,21,38,59,1,1,0,0,0,249,28,17,34,75,80,155,88,14,30,58,88,0,0,0,0,0,27,1,7,15,22,33,0,12,17,29,15,0,8,9,17,5,0,2,1,3,13,7,10,11,21,166,29,21,115,128,430,54,52,47,62,69,60,32,31,23,430
Orissa,1093,610,660,493,1153,679,287,355,319,674,638,284,358,229,587,244,89,137,93,230,586,179,366,225,591,8022,3866,4346,4213,8559,3717,14,1657,11,2064,1745,3809,3165,1516,1709,1581,3290,1456,660,844,816,1660,1115,538,657,577,1234,1809,944,948,853,1801,30,5,44,1,47,2,36,0,28,2,8,0,2,0,185,16,305,269,574,424,13,605,588,1193,1896,852,1068,910,1978,775,285,495,423,918,1837,827,984,739,1723,4920,14,3726,1597,2077,1660,3737,7536,3718,4145,3912,8057,11262,5315,6222,5572,11794,6128,2769,5988,1977,919,2419,3157,1627,3387,7474,13,3644,12,3993,3882,7875,1220,555,650,462,1112,1002,374,634,564,1198,218,88,153,34,187,611,260,5840,13,2714,13,3074,2899,5973,1974,925,1137,985,2122,1050,517,673,447,1120,277,104,216,86,302,2121,1055,1122,1155,2277,576,130,706,195,10,205,2008,176,2184,13,201,34,235,522,74,596,575,29,604,184,37,221,334,28,362,175,27,202,2183,1089,1174,834,2008,400,154,227,230,457,1581,685,974,606,1580,1065,385,609,531,1140,420,178,210,272,482,588,293,286,326,612,1110,513,580,512,1092,1369,13,669,14,750,725,1475,2546,1349,1412,1536,2948,5743,14,2751,14,3088,2716,5804,2175,969,1147,1146,2293,564,265,347,325,672,396,174,203,218,421,88,35,55,30,85,225,97,125,116,241,402,197,222,215,437,1669,827,1035,806,1841,7369,13,995,1775,1123,11262,1210,1648,1721,1996,2145,1136,576,751,79,11262
Punjab,969,636,341,143,484,584,398,193,106,299,618,436,201,113,314,655,455,206,90,296,605,413,218,85,303,2997,2402,1033,655,1688,1586,18,1120,16,559,342,901,1608,1242,535,252,787,1079,800,339,221,560,1001,637,432,227,659,1154,941,327,150,477,7,2,17,1,25,1,20,0,26,2,21,1,0,0,479,7,213,151,364,584,9,229,177,406,1656,1114,636,350,986,457,322,171,130,301,838,576,326,186,512,2918,18,2828,1982,999,534,1533,3600,2758,1193,658,1851,6428,4740,2192,1192,3384,3055,2356,1546,588,432,425,2785,1952,1413,3335,17,2540,15,1131,490,1621,112,85,44,18,62,1055,759,416,262,678,240,161,74,43,117,252,158,3614,18,2642,14,1282,658,1940,543,364,234,163,397,1177,912,350,162,512,169,139,63,25,88,925,683,263,184,447,360,55,415,116,7,123,1588,218,1806,14,154,39,193,993,216,1209,279,29,308,149,47,196,346,15,361,118,11,129,1498,1186,476,239,715,386,301,117,50,167,1041,706,428,233,661,957,635,388,202,590,218,147,95,46,141,133,93,48,37,85,613,399,193,170,363,922,14,691,13,294,132,426,660,582,153,83,236,4012,17,2995,13,1362,680,2042,761,555,230,160,390,358,262,113,82,195,177,115,67,32,99,109,64,61,33,94,138,100,28,20,48,367,262,137,91,228,506,387,194,94,288,3237,20,689,777,1725,6428,755,802,745,843,1220,845,411,431,376,6428
Rajasthan,1737,648,758,896,1654,567,234,178,348,526,727,245,174,515,689,1583,777,446,1016,1462,629,291,220,407,627,16500,8125,4941,11648,16589,9111,8,4161,6,2804,6186,8990,6818,3308,2115,4848,6963,2256,1084,748,1632,2380,1295,586,389,881,1270,2263,1181,661,1283,1944,7,0,11,2,20,3,5,0,5,0,2,0,8,0,634,4,506,904,1410,1381,4,838,2435,3273,3320,1233,1118,2256,3374,1020,423,423,623,1046,2412,819,729,1674,2403,13108,6,6850,2259,1919,4250,6169,14893,8061,4798,10580,15378,21743,10320,6717,14830,21547,14901,6939,14977,1613,830,1819,5229,2551,4751,20132,6,9618,1,6160,13735,19895,146,52,31,98,129,196,72,74,98,172,12,6,3,8,11,39,18,19487,8,9138,4,6041,13448,19489,225,96,65,169,234,229,145,57,131,188,18,9,5,15,20,1784,932,549,1067,1616,1186,262,1448,58,5,63,3184,332,3516,6,155,38,193,2069,287,2356,1091,62,1153,420,68,488,833,91,924,169,10,179,5750,2718,1918,3722,5640,382,200,154,222,376,4722,2143,1301,2997,4298,2145,834,664,1514,2178,334,164,175,177,352,142,68,35,117,152,963,487,337,978,1315,3935,9,2185,6,1145,2984,4129,3370,1521,988,2119,3107,16342,7,7749,5,4685,11342,16027,1735,861,599,1164,1763,286,110,96,213,309,83,28,26,90,116,81,36,26,57,83,24,17,5,16,21,208,97,72,135,207,2984,1422,1208,1813,3021,19206,7,558,548,1431,21743,2369,3308,3523,4343,4392,2022,895,827,64,21743
Sikkim,0,0,0,0,0,0,0,0,0,0,0,0,0,0,0,0,0,0,0,0,0,0,0,0,0,180,85,196,174,370,43,31,9,32,29,21,50,116,63,128,118,246,21,13,39,35,74,0,0,0,0,0,0,0,0,0,0,0,0,0,0,0,0,0,0,0,0,0,0,0,0,9,26,10,2,12,19,25,11,2,13,17,8,14,17,31,36,13,31,62,93,20,11,42,31,73,107,29,69,25,84,70,154,111,60,112,104,216,180,85,196,174,370,114,56,260,39,21,64,27,8,46,71,32,33,30,28,16,44,2,2,0,0,0,12,4,6,5,11,0,0,0,0,0,4,3,89,31,46,30,89,82,171,40,25,52,51,103,31,8,32,29,61,20,6,23,12,35,0,0,0,0,0,2,1,3,0,0,0,6,0,6,33,0,0,0,55,15,70,6,0,6,0,0,0,0,0,0,0,0,0,20,5,22,19,41,4,2,8,0,8,0,0,0,0,0,0,0,0,0,0,118,49,122,125,247,16,18,22,26,48,0,0,0,0,0,22,32,11,29,22,4,26,0,0,0,0,0,91,30,44,28,82,77,159,51,18,35,38,73,14,11,25,23,48,9,4,21,11,32,0,0,0,0,0,10,5,24,18,42,5,3,9,7,16,0,0,0,0,0,134,31,31,15,0,180,13,26,27,38,41,19,0,16,0,180
Tamil Nadu,10947,2063,1095,11117,12212,3919,780,399,3724,4123,4518,764,428,4747,5175,1919,409,226,1927,2153,1702,347,476,1221,1697,40915,7853,3375,45802,49177,24555,1,4684,1,1793,27143,28936,17751,3322,1746,19425,21171,10507,2010,1322,10854,12176,6626,1030,736,7043,7779,4481,1170,402,4073,4475,4,4,14,1,10,1,27,3,34,7,32,2,2,0,839,2,454,4613,5067,775,6,427,4561,4988,12256,2205,1265,13478,14743,4288,890,571,4399,4970,9233,1871,1291,8783,10074,34223,2,24478,4209,3758,22133,25891,39442,8007,2241,46405,48646,63920,12216,5999,68538,74537,42803,8535,50194,8330,1775,9361,12787,1906,14982,46113,1,9224,2,4049,49299,53348,1128,225,184,1175,1359,2507,527,195,3223,3418,939,290,117,882,999,1477,252,54391,1,10264,2,4388,58373,62761,6388,1205,977,6979,7956,2812,485,595,2446,3041,329,262,39,740,779,0,0,0,0,0,540,228,768,123,18,141,3406,559,3965,5,236,38,274,2411,762,3173,1770,168,1938,995,476,1471,343,52,395,80,11,91,4481,1170,402,4073,4475,1700,327,233,1845,2078,11180,2142,1082,12104,13186,7362,1370,821,7728,8549,2824,610,272,3289,3561,2803,512,236,3388,3624,4873,961,567,5360,5927,24861,1,4269,1,2279,27417,29696,3836,855,107,3334,3441,45618,1,8432,3,3705,49515,53220,10857,2252,1102,11549,12651,3201,738,376,3304,3680,2078,298,437,1877,2314,526,102,95,365,460,377,50,117,288,405,735,94,155,692,847,528,250,12,948,960,50519,1,2247,6454,4700,63920,7657,9384,9478,11171,14238,6223,2450,3319,0,63920
Telangana,3635,1228,464,3458,3922,1270,361,186,1118,1304,1138,300,145,937,1082,3534,969,289,3467,3756,3510,964,306,3661,3967,9143,2781,931,8651,9582,9534,7,2707,9,945,9265,10210,6259,2012,617,6365,6982,2286,860,210,2238,2448,1112,247,177,1014,1191,3039,777,372,2410,2782,16,1,10,0,3,0,6,0,16,0,6,0,0,0,227,14,71,564,635,451,11,241,2701,2942,3312,880,232,3203,3435,789,262,81,793,874,3619,700,363,3056,3419,8135,9,11945,2502,1234,10481,11715,10285,4101,1087,10811,11898,22230,6603,2321,21292,23613,14861,4527,15818,1713,539,2318,5656,1537,5477,20890,5,6212,7,2183,20231,22414,182,24,17,177,194,200,32,20,186,206,54,10,0,49,49,17,3,22127,6,6571,8,2314,21213,23527,103,32,7,79,86,0,0,0,0,0,0,0,0,0,0,0,0,0,0,0,851,242,1093,57,1,58,2309,274,2583,9,308,112,420,625,157,782,570,85,655,205,83,288,638,86,724,0,0,0,2409,690,258,1848,2106,326,93,22,262,284,5697,1281,561,5197,5758,2832,607,298,2735,3033,226,195,43,187,230,527,291,24,431,455,870,425,110,1106,1216,4942,7,1527,8,454,5317,5771,4401,1494,551,4209,4760,14238,10,4350,11,1399,14058,15457,1774,585,217,1658,1875,447,165,37,371,408,181,94,11,186,197,44,14,29,39,68,3,1,0,1,1,302,54,20,240,260,5241,1340,608,4739,5347,17972,9,464,571,3223,22230,2372,3196,3442,4249,4485,2260,1043,1183,0,22230
Tripura,27,6,30,0,30,0,0,0,0,0,0,0,0,0,0,0,0,0,0,0,3,0,6,0,6,522,207,692,13,705,295,24,115,23,372,2,374,176,70,215,4,219,50,16,103,3,106,10,5,13,4,17,21,7,25,0,25,0,0,3,0,1,0,0,0,0,0,0,0,0,0,9,26,24,0,24,68,20,396,6,402,240,92,286,6,292,85,28,101,2,103,97,31,127,2,129,130,28,218,70,238,5,243,334,143,490,8,498,552,213,728,13,741,411,146,561,92,43,160,49,24,20,426,25,163,24,542,9,551,28,8,45,2,47,48,18,79,2,81,0,0,0,0,0,0,0,442,25,163,24,634,5,639,70,28,50,6,56,37,21,42,2,44,3,1,2,0,2,0,0,0,0,0,57,11,68,4,0,4,61,4,65,25,17,2,19,28,4,32,10,2,12,5,1,6,6,1,7,0,0,0,98,42,141,2,143,2,2,0,0,0,156,54,149,4,153,113,37,117,3,120,2,1,0,1,1,6,2,16,0,16,28,15,89,0,89,147,24,60,21,216,3,219,0,0,0,0,0,372,26,141,24,449,7,456,165,66,249,4,253,9,3,22,2,24,5,2,8,0,8,0,0,0,0,0,0,0,0,0,0,1,1,0,0,0,0,0,0,0,0,482,25,49,20,1,552,51,79,87,112,119,81,16,7,0,552
Uttarakhand,18,6,17,7,24,10,2,10,3,13,39,17,27,8,35,80,26,49,24,73,22,9,19,0,19,1299,987,1219,188,1407,238,25,185,22,275,39,314,338,292,270,60,330,141,103,117,18,135,19,7,20,0,20,732,460,659,113,772,3,1,9,0,11,0,5,1,0,0,0,0,0,0,90,17,100,19,119,210,17,351,55,406,289,140,261,47,308,87,46,59,23,82,286,167,205,28,233,572,23,726,389,551,101,652,742,658,790,129,919,1468,1047,1341,230,1571,776,585,871,125,162,223,567,300,477,900,23,569,21,771,107,878,20,16,26,16,42,173,105,133,34,167,2,1,1,0,1,0,0,840,24,702,21,839,143,982,210,121,135,26,161,80,52,56,1,57,0,0,0,0,0,338,172,311,60,371,120,26,146,28,2,30,184,38,222,21,14,3,17,224,73,297,114,3,117,102,35,137,42,30,72,8,1,9,212,131,104,10,114,11,5,7,4,11,284,167,214,39,253,246,137,190,28,218,272,197,281,59,340,25,14,24,1,25,36,18,35,8,43,80,27,45,24,58,12,70,302,333,428,69,497,886,23,536,21,686,133,819,343,370,460,65,525,42,22,27,13,40,4,3,1,0,1,10,9,2,4,6,6,5,2,1,3,5,13,2,0,2,172,89,161,14,175,694,24,3,30,741,1468,194,177,177,194,262,178,99,138,49,1468
Uttar Pradesh,5343,2740,2619,1236,3855,3987,2079,1942,881,2823,3675,2000,1739,845,2584,3065,1734,1614,627,2241,3924,1984,1932,672,2604,22574,11719,10471,5086,15557,8654,9,4584,3,4038,1966,6004,8172,4246,3979,1890,5869,7227,3693,3581,1588,5169,9170,5070,4067,1973,6040,9345,4663,4652,1930,6582,239,58,292,91,226,39,166,32,110,10,31,0,67,10,2351,1,1848,1119,2967,2518,1,2499,1241,3740,7046,3637,3483,1587,5070,4959,2481,2293,1136,3429,7384,3599,3713,1650,5363,15131,5,19728,9823,9310,4482,13792,22840,12433,11007,4865,15872,42568,22256,20317,9347,29664,16379,8498,10981,8621,4429,5909,17568,9329,12774,13843,9,7098,5,6404,2967,9371,3595,1824,1709,885,2594,4572,2253,2188,1129,3317,679,284,354,206,560,3828,1956,17111,9,8970,5,8298,3349,11647,6357,3280,3212,1493,4705,6933,3624,3217,1568,4785,2172,1102,1082,463,1545,9995,5280,4508,2474,6982,1133,233,1366,1131,240,1371,5955,863,6818,1,1258,308,1566,3276,676,3952,1916,165,2081,1296,361,1657,1939,366,2305,985,155,1140,7164,3649,3194,1431,4625,2515,1299,1202,567,1769,4942,2437,2204,1153,3357,4985,2537,2258,1203,3461,3683,1923,1725,954,2679,1822,911,962,425,1387,3370,1841,1694,703,2397,4542,8,2520,4,2110,911,3021,9545,5139,4968,2000,6968,15223,8,8127,4,7193,3188,10381,6571,3345,3083,1311,4394,2687,1271,1404,709,2113,2226,1114,1088,580,1668,2015,1043,926,468,1394,2144,1045,1041,502,1543,2870,1497,1364,694,2058,8832,4814,4218,1895,6113,22803,6,5787,5194,8784,42568,5654,5998,5551,6081,5368,5171,3401,4271,1073,42568
West Bengal,2535,731,1570,685,2255,1137,344,639,349,988,875,243,493,233,726,1794,831,1466,467,1933,563,225,406,137,543,5801,3337,4803,749,5552,3722,13,1609,12,2636,751,3387,3743,1592,2846,905,3751,1210,486,898,365,1263,2060,990,1640,411,2051,1970,1034,1357,188,1545,5,7,17,2,40,0,29,2,49,2,10,1,21,3,61,19,56,64,120,23,23,15,24,39,3375,1660,2439,424,2863,342,128,263,130,393,1911,854,1350,298,1648,5238,13,5728,1620,3502,1348,4850,6977,4091,5875,1272,7147,12705,5711,9377,2620,11997,4917,2074,5063,330,265,470,7458,3372,6464,4187,16,2326,16,3634,741,4375,79,6,27,33,60,194,101,165,68,233,53,26,37,6,43,19,50,7173,12,2728,12,5261,1582,6843,546,188,446,127,573,770,400,555,159,714,18,10,10,0,10,4198,2385,3105,752,3857,2187,431,2618,171,17,188,626,58,684,18,74,21,95,471,58,529,816,80,896,222,44,266,237,90,327,96,12,108,1217,505,415,274,689,268,81,199,69,268,1744,827,1023,259,1282,891,288,622,172,794,656,390,585,134,719,296,86,248,216,464,406,170,523,202,725,2009,12,1016,10,1851,420,2271,5218,2348,3911,874,4785,10008,11,4705,10,7300,1791,9091,1435,582,1128,442,1570,304,164,223,78,301,178,113,137,63,200,145,39,132,54,186,99,23,104,42,146,197,85,114,33,147,339,0,239,117,356,6871,15,547,1361,3926,12705,1324,1936,1734,1756,1680,1357,1909,1009,0,12705
A & N Islands,29,3,15,13,28,9,1,3,10,13,8,1,1,3,4,0,0,0,0,0,0,0,0,0,0,208,14,40,175,215,93,28,9,32,27,62,89,83,5,11,74,85,60,0,18,43,61,17,5,3,19,22,1,0,0,3,3,0,0,0,0,0,0,0,0,0,0,0,0,0,0,0,34,4,6,10,1,33,4,35,39,83,8,14,72,86,34,2,15,25,40,89,7,19,71,90,46,32,107,5,31,74,105,147,14,28,127,155,254,19,59,201,260,254,19,260,0,0,0,0,0,0,148,28,7,35,35,151,186,20,0,3,16,19,16,1,5,6,11,0,0,0,0,0,0,0,231,29,17,35,55,177,232,23,2,4,24,28,0,0,0,0,0,0,0,0,0,0,0,0,0,0,0,4,2,6,0,0,0,9,1,10,32,2,0,2,1,0,1,0,0,0,0,0,0,0,0,0,0,0,0,22,2,4,21,25,12,0,0,5,5,52,7,9,50,59,40,2,19,24,43,13,1,0,8,8,15,1,1,13,14,17,2,3,9,12,81,26,4,32,23,70,93,2,0,0,1,1,132,29,10,35,31,108,139,111,8,28,88,116,5,0,0,4,4,3,0,0,0,0,0,0,0,0,0,3,1,0,1,1,0,0,0,0,0,0,0,0,0,0,254,28,0,0,0,254,35,38,40,48,52,25,6,10,0,254
Chandigarh,24,6,0,17,17,0,0,0,0,0,60,15,7,65,72,14,2,1,14,15,29,6,2,26,28,189,69,11,157,168,NR,NR,NR,NR,NR,NR,NR,NR,NR,NR,NR,NR,NR,NR,NR,NR,NR,NR,NR,NR,NR,NR,NR,NR,NR,NR,NR,0,0,1,0,0,0,5,1,2,0,2,0,0,0,0,34,0,0,0,0,35,0,0,0,29,9,3,29,32,11,2,0,16,16,39,9,1,33,34,237,25,300,91,17,263,280,16,7,4,16,20,316,98,21,279,300,316,98,300,0,0,0,0,0,0,280,26,93,26,20,247,267,12,0,0,7,7,1,0,0,3,3,10,1,0,13,13,0,0,314,27,97,26,21,279,300,0,0,0,0,0,2,1,0,0,0,0,0,0,0,0,0,0,0,0,0,27,8,35,10,1,11,35,5,40,27,3,0,3,6,1,7,1,0,1,0,0,0,0,0,0,1,0,1,4,2,0,1,1,1,1,0,2,2,108,35,6,81,87,149,50,8,132,140,0,0,0,0,0,9,1,0,5,5,2,1,0,3,3,41,31,8,31,7,50,57,2,0,0,5,5,316,27,98,26,21,279,300,0,0,0,0,0,0,0,0,0,0,0,0,0,0,0,0,0,0,0,0,0,0,0,0,0,0,0,0,0,0,0,0,0,0,0,311,26,0,5,0,316,39,42,41,34,60,54,30,16,0,316
D & N Haveli,30,26,14,0,14,28,14,27,0,27,2,1,4,0,4,0,0,0,0,0,0,0,0,0,0,20,13,19,2,21,32,33,21,30,29,0,29,28,19,20,2,22,6,4,6,0,6,0,0,0,0,0,14,10,9,0,9,0,0,0,0,0,0,0,0,2,0,0,0,0,0,1,33,2,0,2,2,32,2,0,2,51,37,40,2,42,18,10,14,0,14,8,6,6,0,6,0,36,40,15,10,0,10,40,39,54,2,56,80,54,64,2,66,39,28,36,0,0,0,41,26,30,78,31,51,28,63,2,65,1,0,0,0,0,1,3,1,0,1,0,0,0,0,0,0,0,39,34,25,34,39,2,41,12,9,3,0,3,26,20,16,0,16,0,0,0,0,0,3,0,6,0,6,18,4,22,2,0,2,21,6,27,30,1,0,1,2,0,2,0,0,0,0,0,0,0,0,0,0,0,0,34,28,16,0,16,0,0,0,0,0,8,3,9,0,9,15,9,12,0,12,0,0,0,0,0,7,4,8,0,8,0,0,0,0,0,14,33,9,30,18,2,20,2,1,1,0,1,61,31,43,29,44,2,46,14,8,16,0,16,3,1,4,0,4,0,0,0,0,0,0,0,0,0,0,0,0,0,0,0,0,0,0,0,0,2,2,0,0,0,47,34,0,6,27,80,5,12,8,14,26,13,1,1,0,80
Daman & Diu,31,15,21,31,52,12,4,10,8,18,4,2,3,0,3,0,0,0,0,0,6,4,4,3,7,23,10,11,3,14,31,34,10,31,25,32,57,27,14,17,10,27,5,4,1,0,1,1,1,0,0,0,12,6,6,3,9,0,0,0,0,0,0,0,0,0,0,0,0,0,0,3,30,11,3,14,1,33,8,21,29,34,13,26,33,59,2,1,1,0,1,18,10,7,3,10,18,34,21,9,19,10,29,55,26,30,35,65,76,35,49,45,94,49,23,74,0,0,0,27,12,20,57,34,29,31,39,29,68,8,0,6,10,16,11,6,4,6,10,0,0,0,0,0,0,0,63,33,30,32,41,43,84,8,3,3,2,5,5,2,5,0,5,0,0,0,0,0,0,0,0,0,0,9,2,11,0,0,0,19,1,20,31,2,0,2,1,0,1,1,0,1,0,0,0,0,0,0,0,0,0,19,8,13,24,37,1,0,1,0,1,12,9,3,3,6,6,2,4,3,7,3,3,1,0,1,11,5,11,5,16,2,1,2,1,3,12,34,3,34,9,8,17,10,4,5,1,6,43,33,21,32,23,15,38,25,9,21,28,49,7,4,5,2,7,0,0,0,0,0,0,0,0,0,0,0,0,0,0,0,0,0,0,0,0,1,1,0,0,0,54,33,2,3,17,76,4,8,10,14,21,17,2,0,0,76
Delhi,898,222,176,593,769,440,117,132,307,439,935,250,119,699,818,380,115,44,299,343,720,203,139,474,613,3142,783,510,2594,3104,1275,21,295,20,235,1039,1274,1051,265,306,711,1017,382,85,79,331,410,796,203,83,608,691,3011,842,417,2277,2694,3,0,11,0,14,1,12,0,7,0,0,0,8,0,59,20,29,184,213,65,21,24,54,78,912,176,164,773,937,253,70,46,198,244,769,178,122,635,757,2973,14,5848,1477,1003,4442,5445,667,213,117,524,641,6515,1690,1120,4966,6086,1955,448,1959,387,112,386,4173,1130,3741,2866,19,748,20,401,2217,2618,333,72,30,262,292,460,69,59,424,483,658,176,76,507,583,244,37,3203,20,871,20,586,2368,2954,792,169,107,748,855,943,252,128,767,895,0,0,0,0,0,1577,398,299,1083,1382,357,63,420,55,1,56,510,64,574,19,58,6,64,229,26,255,60,4,64,50,1,51,54,10,64,135,7,142,2127,688,270,1550,1820,207,38,46,148,194,1337,296,293,1051,1344,760,153,111,648,759,174,51,17,155,172,86,26,14,74,88,195,50,34,139,173,232,23,57,23,47,196,243,1397,331,288,1005,1293,3688,18,1005,19,630,2783,3413,682,141,91,539,630,346,91,58,262,320,51,5,17,31,48,61,18,9,38,47,48,7,6,36,42,158,50,23,111,134,1481,373,286,1166,1452,3897,17,132,188,2298,6515,735,771,720,748,1044,1096,764,568,69,6515
Lakshadweep,0,0,0,0,0,0,0,0,0,0,0,0,0,0,0,0,0,0,0,0,0,0,0,0,0,3,1,3,0,3,1,35,1,35,1,0,1,2,0,2,0,2,0,0,0,0,0,0,0,0,0,0,0,0,0,0,0,0,0,0,0,0,0,0,0,0,0,0,0,0,0,0,34,0,0,0,0,35,0,0,0,0,0,0,0,0,0,0,0,0,0,0,0,0,0,0,1,35,0,0,0,0,0,3,1,3,0,3,3,1,3,0,3,2,1,2,0,0,0,1,0,1,1,36,1,36,1,0,1,0,0,0,0,0,2,0,2,0,2,0,0,0,0,0,0,0,1,36,1,36,1,0,1,0,0,0,0,0,0,0,0,0,0,0,0,0,0,0,2,0,2,0,2,0,0,0,0,0,0,1,0,1,36,0,0,0,0,0,0,0,0,0,0,0,0,0,0,0,0,0,0,0,0,0,0,0,0,0,0,0,0,1,0,1,0,1,1,0,1,0,1,0,0,0,0,0,0,0,0,0,0,0,0,0,0,0,0,36,0,36,0,0,0,1,1,1,0,1,1,36,1,36,1,0,1,0,0,0,0,0,0,0,0,0,0,0,0,0,0,0,0,0,0,0,0,0,0,0,0,0,0,0,0,0,0,2,0,2,0,2,3,36,0,0,0,3,0,0,1,1,1,0,0,0,0,3
Puducherry,296,58,110,191,301,246,38,111,164,275,239,46,127,155,282,256,35,127,190,317,185,21,52,140,192,375,28,124,236,360,815,23,101,24,343,534,877,329,56,129,237,366,210,26,59,173,232,197,30,110,107,217,46,13,10,25,35,0,0,7,0,7,0,7,0,9,0,0,0,0,0,2,31,7,35,42,6,31,8,50,58,275,37,119,195,314,237,33,80,183,263,356,47,143,248,391,461,24,1169,133,580,737,1317,428,93,71,339,410,1597,226,651,1076,1727,914,118,1036,3,2,13,680,106,678,734,24,110,25,330,493,823,14,2,12,10,22,435,73,70,46,116,46,7,8,10,18,0,0,909,23,142,25,373,619,992,259,29,83,210,293,0,0,0,0,0,0,0,0,0,0,429,55,195,247,442,61,14,75,30,0,30,88,11,99,24,4,0,4,6,2,8,1,0,1,5,0,5,0,0,0,4,0,4,71,19,23,59,82,57,9,6,51,57,293,46,116,188,304,242,37,125,139,264,127,23,30,107,137,23,1,12,9,21,135,11,44,107,151,520,21,61,20,280,306,586,129,19,15,110,125,866,24,128,25,404,526,930,288,38,89,240,329,149,23,43,134,177,0,0,0,0,0,1,1,0,0,0,18,2,4,3,7,0,0,0,0,0,275,34,111,173,284,1094,23,34,429,40,1597,188,244,213,256,297,140,68,106,85,1597
Total,57652,15608,21872,33717,55589,26220,7866,10219,13784,24003,28125,7652,10029,16149,26178,22557,7921,8404,13007,21411,20515,6765,7430,11763,19193,311975,105605,120687,202357,323044,,,,,,,,,,,,,,,,,,,,,,,,,,,,,,,,,,,,,,,,,,,,,,,,,,,,,,,,,,,,,,,,,,,,,,,,,,,,,,,,,,,,,,,,,,,,,,,,,,,,,,,,,,,,,,,,,,,,,,,,,,,,,,,,,,,,,,,,,,,,,,,,,,,,,,,,,,,,,,,,,,,,,,,,,,,,,,,,,,,,,,,,,,,,,,,,,,,,,,,,,,,,,,,,,,,,,,,,,,,,,,,,,,,,,,,,,,,,,,,,,,,,,,,,,,,,,,,,,,,,,,,,,,,,,,,,,,,,
